canonical,display,gene_symbol,kind,synonyms,note
CD276,B7H3,CD276,phenotypic,B7H3,
BCL2,BCL2,BCL2,phenotypic,BCL-2|BCL2,
CADM1,CADM1,CADM1,phenotypic,CADM1,
CCR7,CCR7,CCR7,phenotypic,CCR7,
CD2,CD2,CD2,phenotypic,CD2,
CD5,CD5,CD5,phenotypic,CD5,
CD7,CD7,CD7,phenotypic,CD7,
CD14,CD14,CD14,phenotypic,CD14,
CD19,CD19,CD19,phenotypic,CD19,
CD34,CD34,CD34,phenotypic,CD34,
CD36,CD36,CD36,phenotypic,CD36,
CD38,CD38,CD38,phenotypic,CD38,
CD4,CD4,CD4,phenotypic,CD4,
CD44,CD44,CD44,phenotypic,CD44,
CD47,CD47,CD47,phenotypic,CD47,
CD63,CD63,CD63,phenotypic,CD63,
CD68,CD68,CD68,phenotypic,CD68,
CD69,CD69,CD69,phenotypic,CD69,
CD163,CD163,CD163,phenotypic,CD163,
CD209,CD209,CD209,phenotypic,CD209|DC-SIGN,
KIT,CD117,KIT,phenotypic,CD117|c-Kit,
ITGAM,CD11b,ITGAM,phenotypic,CD11b,
ITGAX,CD11c,ITGAX,phenotypic,CD11c,
IL3RA,CD123,IL3RA,phenotypic,CD123,
IL7R,CD127,IL7R,phenotypic,CD127,
ANPEP,CD13,ANPEP,phenotypic,CD13,
TNFRSF4,CD134/OX40,TNFRSF4,phenotypic,CD134|OX40,SAME antigen under two names - UPMC writes CD134 Keren and ferguson write OX40
SDC1,CD138,SDC1,phenotypic,CD138,
FUT4,CD15,FUT4,phenotypic,CD15,carbohydrate epitope (Lewis X) not a protein - FUT4 is the enzyme that makes it
CTLA4,CD152,CTLA4,phenotypic,CD152|CTLA-4,
FCGR3A,CD16,FCGR3A,phenotypic,CD16,
KLRB1,CD161,KLRB1,phenotypic,CD161,
MS4A1,CD20,MS4A1,phenotypic,CD20,
MRC1,CD206,MRC1,phenotypic,CD206,
CR2,CD21,CR2,phenotypic,CD21,
IL2RA,CD25,IL2RA,phenotypic,CD25,
CD3E,CD3,CD3E,phenotypic,CD3|CD3e,antibody is anti-CD3-epsilon in all 5 cohorts
TNFRSF8,CD30,TNFRSF8,phenotypic,CD30,
PECAM1,CD31,PECAM1,phenotypic,CD31,
PTPRC,CD45,PTPRC,phenotypic,CD45,pan-CD45 - keep separate from the RA and RO isoform antibodies
PTPRC_RA,CD45RA,PTPRC,phenotypic,CD45RA,PTPRC isoform RA - same gene as CD45 but a different antibody and a different meaning
PTPRC_RO,CD45RO,PTPRC,phenotypic,CD45RO,PTPRC isoform RO - same gene as CD45 but a different antibody and a different meaning
ITGA1,CD49a,ITGA1,phenotypic,CD49a,
ITGA6,CD49f,ITGA6,phenotypic,CD49f,
NCAM1,CD56,NCAM1,phenotypic,CD56,
B3GAT1,CD57,B3GAT1,phenotypic,CD57,
CEACAM5_6,CD66,,phenotypic,CD66,HubMap epithelial CD66 = CEACAM5/6 - NOT the same antigen as ferguson CD66a
CEACAM1,CD66a,CEACAM1,phenotypic,CD66a,ferguson CD66a = CEACAM1 - NOT the same antigen as HubMap CD66
TFRC,CD71,TFRC,phenotypic,CD71,
CD8A,CD8,CD8A,phenotypic,CD8|CD8a,
THY1,CD90,THY1,phenotypic,CD90,
CDX2,CDX2,CDX2,phenotypic,CDX2,
CSF1R,CSF1R,CSF1R,phenotypic,CSF-1R|CSF1R,
CXCR3,CXCR3,CXCR3,phenotypic,CXCR3,
CHGA,ChromograninA,CHGA,phenotypic,CHGA|Chromogranin A,
COL4A1,CollagenIV,COL4A1,phenotypic,Collagen IV|CollagenIV|CollIV,collagen IV is a trimer - COL4A1 stands for the whole complex here
EGFR,EGFR,EGFR,phenotypic,EGFR,
FAP,FAP,FAP,phenotypic,FAP,
F13A1,FactorXIIIA,F13A1,phenotypic,FX111A|FXIIIA,ferguson writes FX111A which is Factor XIIIA
FOXP3,FoxP3,FOXP3,phenotypic,FOXP3|FoxP3,
GATA3,GATA3,GATA3,phenotypic,GATA3,
GFAP,GFAP,GFAP,phenotypic,GFAP,
GZMB,GranzymeB,GZMB,phenotypic,Granzyme B|GranzymeB|granzB,
H3_K27me3,H3K27me3,,phenotypic,H3K27me3,histone H3 modification not a gene product - keep separate from H3K9ac
H3_K9ac,H3K9ac,,phenotypic,H3K9ac,histone H3 modification not a gene product - keep separate from H3K27me3
HLA_ABC,HLA-ABC,,phenotypic,HLA_Class_1|HLA-ABC,MHC class I covers HLA-A HLA-B and HLA-C so no single gene symbol
HLA-DRA,HLA-DR,HLA-DRA,phenotypic,HLA-DR|HLADR,antibody targets the MHC-II DR alpha chain
ICOS,ICOS,ICOS,phenotypic,ICOS,
IDO1,IDO,IDO1,phenotypic,IDO|IDO-1,
ITLN1,ITLN1,ITLN1,phenotypic,ITLN1,
KRT17,KRT17,KRT17,phenotypic,Keratin17|KRT17,
KRT6A,KRT6,KRT6A,phenotypic,Keratin6|KRT6,
KRT7,KRT7,KRT7,phenotypic,CK7|KRT7,
KRT_PAN,PanCK,,phenotypic,PanCK|Pan-Keratin|Cytokeratin,ASSUMPTION - three different clones covering different keratin subsets merged into one marker
MKI67,Ki67,MKI67,phenotypic,Ki67,
LAG3,LAG3,LAG3,phenotypic,LAG3|LAG-3|Lag3,
MMP9,MMP9,MMP9,phenotypic,MMP9,
MMP12,MMP12,MMP12,phenotypic,MMP12,
MPO,MPO,MPO,phenotypic,MPO,
MUC1,MUC1,MUC1,phenotypic,MUC1|MUC-1,
MUC2,MUC2,MUC2,phenotypic,MUC2,
MUC6,MUC6,MUC6,phenotypic,MUC6,
RELA,NFKBp65,RELA,phenotypic,NFKBp65|p65,
KLRK1,NKG2D,KLRK1,phenotypic,NKG2D,
ATP1A1,NaKATPase,ATP1A1,phenotypic,Na-K-ATPase|NaKATPase,
OLFM4,OLFM4,OLFM4,phenotypic,OLFM4,
PDCD1,PD1,PDCD1,phenotypic,PD1|PD-1,
CD274,PDL1,CD274,phenotypic,PDL1|PD-L1,
PDCD1LG2,PDL2,PDCD1LG2,phenotypic,PDL2|PD-L2,
PDPN,Podoplanin,PDPN,phenotypic,Podoplanin,
SOX9,SOX9,SOX9,phenotypic,SOX9,
SYP,Synaptophysin,SYP,phenotypic,Synapto|Synaptophysin,
TBX21,TBET,TBX21,phenotypic,T-bet|TBET,
HAVCR2,TIM3,HAVCR2,phenotypic,TIM3|TIM-3,
ANO1,TMEM16A,ANO1,phenotypic,TMEM16A,
VSIR,VISTA,VSIR,phenotypic,VISTA,
VIM,Vimentin,VIM,phenotypic,Vimentin,
DEFA5,aDef5,DEFA5,phenotypic,aDef5,
ACTA2,aSMA,ACTA2,phenotypic,aSMA|SMA|a-SMA,
CTNNB1,bCatenin,CTNNB1,phenotypic,Beta catenin|beta-catenin|bCatenin,
CDKN2A,p16,CDKN2A,phenotypic,p16,
TP53,p53,TP53,phenotypic,p53,
CCR4,CCR4,CCR4,phenotypic,CD194|CCR4,
RPS6_p,pS6,RPS6,phenotypic,phospho-S6|pS6,phosphorylated form - a signalling state not a plain protein level
STAT3_p,pSTAT3,STAT3,phenotypic,pSTAT3,phosphorylated form - a signalling state not a plain protein level
DNA,DNA,,dna,dsDNA|HH3|DNA1|DNA2|HOECHST1|DRAQ5,nuclear channels used for segmentation - merged into one name and never used as a phenotype
Na,Na,,non_biological,Na,elemental channel
Si,Si,,non_biological,Si,elemental channel
P,P,,non_biological,P,elemental channel
Ca,Ca,,non_biological,Ca,elemental channel
Fe,Fe,,non_biological,Fe,elemental channel
Ta,Ta,,non_biological,Ta,elemental channel
Au,Au,,non_biological,Au,elemental channel
C,C,,non_biological,C,elemental channel
Background,Background,,non_biological,Background,instrument background channel
Profile_Homogeneity,Profile_Homogeneity,,qc_score,Profile_Homogeneity,segmentation quality score not a stain
